{"billetes": "69", "pie_chart_accepted": {"name_stop": {"0": "Estadio Nueva Condomina", "1": "La Ladera", "2": "La ladera", "3": "Los Rectores"}, "balance": {"0": 14.7, "1": 13.65, "2": 10.5, "3": 44.8}, "percent": {"0": 20.2898550725, "1": 18.8405797101, "2": 14.4927536232, "3": 46.3768115942}}, "pie_chart_accepted_orientation": {"name_stop": {"0": "Estadio Nueva Condomina - Centro ciudad - Universidades", "1": "La Ladera - Nueva Condomina", "2": "La ladera - Centro ciudad - Universidades", "3": "Los Rectores - Los Rectores - Terra Natura", "4": "Los Rectores - UCAM - Los Jer\u00f3nimos"}, "balance": {"0": 14.7, "1": 13.65, "2": 10.5, "3": 22.4, "4": 22.4}, "percent": {"0": 20.2898550725, "1": 18.8405797101, "2": 14.4927536232, "3": 23.1884057971, "4": 23.1884057971}}, "bar_bours": {"time": {"0": 0, "1": 1, "2": 2, "3": 3, "4": 4, "5": 5, "6": 6, "7": 7, "8": 8, "9": 9, "10": 10, "11": 11, "12": 12, "13": 13, "14": 14, "15": 15, "16": 16, "17": 17, "18": 18, "19": 19, "20": 20, "21": 21, "22": 22, "23": 23}, "balance_accepted": {"0": 0.0, "1": 0.0, "2": 0.0, "3": 0.0, "4": 0.0, "5": 0.0, "6": 0.0, "7": 0.0, "8": 0.0, "9": 0.0, "10": 0.0, "11": 0.0, "12": 0.0, "13": 0.0, "14": 0.0, "15": 34.65, "16": 41.65, "17": 7.35, "18": 0.0, "19": 0.0, "20": 0.0, "21": 0.0, "22": 0.0, "23": 0.0}, "balance_canceled": {"0": 0, "1": 0, "2": 0, "3": 0, "4": 0, "5": 0, "6": 0, "7": 0, "8": 0, "9": 0, "10": 0, "11": 0, "12": 0, "13": 0, "14": 0, "15": 0, "16": 0, "17": 0, "18": 0, "19": 0, "20": 0, "21": 0, "22": 0, "23": 0}}, "radar_chart": {"name_stop": {"0": "Estadio Nueva Condomina", "1": "La Ladera", "2": "La ladera", "3": "Los Rectores"}, "accepted": {"0": 14, "1": 13, "2": 10, "3": 32}}}